2026/09/02 17:19:45.913, 0 %, 0 MiB, 33
2026/09/02 17:19:48.055, 0 %, 0 MiB, 33
2026/09/02 17:19:50.244, 0 %, 427 MiB, 34
2026/09/02 17:19:52.395, 6 %, 717 MiB, 34
2026/09/02 17:19:54.565, 6 %, 717 MiB, 34
2026/09/02 17:19:56.689, 7 %, 717 MiB, 34
2026/09/02 17:19:58.869, 7 %, 717 MiB, 34
2026/09/02 17:20:01.010, 7 %, 717 MiB, 34
2026/09/02 17:20:03.189, 7 %, 717 MiB, 34
2026/09/02 17:20:05.368, 7 %, 717 MiB, 35
2026/09/02 17:20:07.554, 7 %, 717 MiB, 34
2026/09/02 17:20:09.737, 7 %, 717 MiB, 34
2026/09/02 17:20:11.909, 9 %, 717 MiB, 34
2026/09/02 17:20:14.042, 7 %, 717 MiB, 34
2026/09/02 17:20:16.181, 7 %, 717 MiB, 34
2026/09/02 17:20:18.348, 7 %, 717 MiB, 34
2026/09/02 17:20:20.545, 7 %, 717 MiB, 34
2026/09/02 17:20:22.721, 8 %, 717 MiB, 34
2026/09/02 17:20:24.865, 8 %, 717 MiB, 34
2026/09/02 17:20:27.000, 7 %, 717 MiB, 34
2026/09/02 17:20:29.186, 7 %, 717 MiB, 34
2026/09/02 17:20:31.376, 7 %, 717 MiB, 34
2026/09/02 17:20:33.558, 7 %, 717 MiB, 34
2026/09/02 17:20:35.754, 8 %, 717 MiB, 34
2026/09/02 17:20:37.914, 7 %, 717 MiB, 34
2026/09/02 17:20:40.078, 7 %, 717 MiB, 34
2026/09/02 17:20:42.273, 7 %, 717 MiB, 34
2026/09/02 17:20:44.456, 7 %, 717 MiB, 34
2026/09/02 17:20:46.605, 7 %, 717 MiB, 34
2026/09/02 17:20:48.797, 8 %, 717 MiB, 34
2026/09/02 17:20:50.953, 7 %, 717 MiB, 34
2026/09/02 17:20:53.120, 7 %, 717 MiB, 34
2026/09/02 17:20:55.309, 7 %, 717 MiB, 34
2026/09/02 17:20:57.494, 7 %, 717 MiB, 34
2026/09/02 17:20:59.681, 7 %, 717 MiB, 34
2026/09/02 17:21:01.853, 7 %, 717 MiB, 34
2026/09/02 17:21:04.022, 8 %, 717 MiB, 34
2026/09/02 17:21:06.193, 7 %, 717 MiB, 34
2026/09/02 17:21:08.390, 7 %, 717 MiB, 34
2026/09/02 17:21:10.510, 7 %, 717 MiB, 34
2026/09/02 17:21:12.668, 9 %, 717 MiB, 34
2026/09/02 17:21:14.769, 9 %, 717 MiB, 34
2026/09/02 17:21:16.946, 9 %, 717 MiB, 34
2026/09/02 17:21:19.129, 10 %, 717 MiB, 34
2026/09/02 17:21:21.349, 9 %, 717 MiB, 34
2026/09/02 17:21:23.525, 11 %, 717 MiB, 34
2026/09/02 17:21:25.749, 10 %, 717 MiB, 34
2026/09/02 17:21:27.892, 9 %, 717 MiB, 34
2026/09/02 17:21:30.052, 9 %, 717 MiB, 34
2026/09/02 17:21:32.229, 9 %, 717 MiB, 34
2026/09/02 17:21:34.425, 10 %, 717 MiB, 34
2026/09/02 17:21:36.629, 10 %, 717 MiB, 34
2026/09/02 17:21:38.824, 9 %, 717 MiB, 34
2026/09/02 17:21:41.025, 9 %, 717 MiB, 34
2026/09/02 17:21:43.127, 10 %, 717 MiB, 34
2026/09/02 17:21:45.249, 9 %, 717 MiB, 34
2026/09/02 17:21:47.385, 10 %, 717 MiB, 34
2026/09/02 17:21:49.537, 10 %, 717 MiB, 34
2026/09/02 17:21:51.698, 10 %, 717 MiB, 34
2026/09/02 17:21:53.889, 10 %, 717 MiB, 34
2026/09/02 17:21:56.061, 11 %, 717 MiB, 34
2026/09/02 17:21:58.227, 10 %, 717 MiB, 34
2026/09/02 17:22:00.426, 10 %, 717 MiB, 34
2026/09/02 17:22:02.569, 11 %, 717 MiB, 34
2026/09/02 17:22:04.753, 10 %, 717 MiB, 34
2026/09/02 17:22:06.926, 9 %, 717 MiB, 34
2026/09/02 17:22:09.127, 9 %, 717 MiB, 34
2026/09/02 17:22:11.354, 10 %, 717 MiB, 34
2026/09/02 17:22:13.446, 9 %, 717 MiB, 34
2026/09/02 17:22:15.663, 10 %, 717 MiB, 34
2026/09/02 17:22:17.819, 10 %, 717 MiB, 34
2026/09/02 17:22:20.119, 8 %, 717 MiB, 36
2026/09/02 17:22:22.325, 11 %, 717 MiB, 34
2026/09/02 17:22:24.526, 10 %, 717 MiB, 34
2026/09/02 17:22:26.720, 10 %, 717 MiB, 34
2026/09/02 17:22:28.881, 10 %, 717 MiB, 34
2026/09/02 17:22:31.021, 11 %, 717 MiB, 34
2026/09/02 17:22:33.220, 10 %, 717 MiB, 34
2026/09/02 17:22:35.417, 11 %, 717 MiB, 34
2026/09/02 17:22:37.581, 10 %, 717 MiB, 34
2026/09/02 17:22:39.745, 11 %, 717 MiB, 34
2026/09/02 17:22:41.929, 11 %, 717 MiB, 34
2026/09/02 17:22:44.123, 11 %, 717 MiB, 34
2026/09/02 17:22:46.309, 9 %, 717 MiB, 34
2026/09/02 17:22:48.474, 11 %, 717 MiB, 34
2026/09/02 17:22:50.658, 10 %, 717 MiB, 34
2026/09/02 17:22:52.821, 10 %, 717 MiB, 34
2026/09/02 17:22:54.964, 9 %, 717 MiB, 34
2026/09/02 17:22:57.097, 9 %, 717 MiB, 34
2026/09/02 17:22:59.272, 9 %, 717 MiB, 34
2026/09/02 17:23:01.437, 9 %, 717 MiB, 34
2026/09/02 17:23:03.650, 10 %, 717 MiB, 34
2026/09/02 17:23:05.825, 10 %, 717 MiB, 34
2026/09/02 17:23:08.013, 10 %, 717 MiB, 34
2026/09/02 17:23:10.213, 9 %, 719 MiB, 34
2026/09/02 17:23:12.409, 10 %, 719 MiB, 34
2026/09/02 17:23:14.571, 10 %, 719 MiB, 34
2026/09/02 17:23:16.749, 11 %, 719 MiB, 34
2026/09/02 17:23:18.929, 10 %, 719 MiB, 34
2026/09/02 17:23:21.088, 10 %, 719 MiB, 34
2026/09/02 17:23:23.265, 11 %, 719 MiB, 34
2026/09/02 17:23:25.443, 10 %, 719 MiB, 34
2026/09/02 17:23:27.601, 9 %, 719 MiB, 34
2026/09/02 17:23:29.753, 10 %, 719 MiB, 34
2026/09/02 17:23:31.932, 11 %, 719 MiB, 34
2026/09/02 17:23:34.093, 10 %, 719 MiB, 34
2026/09/02 17:23:36.274, 10 %, 719 MiB, 34
2026/09/02 17:23:38.416, 10 %, 719 MiB, 34
2026/09/02 17:23:40.563, 10 %, 719 MiB, 35
2026/09/02 17:23:42.716, 10 %, 719 MiB, 35
2026/09/02 17:23:44.865, 10 %, 719 MiB, 35
2026/09/02 17:23:47.049, 10 %, 719 MiB, 35
2026/09/02 17:23:49.249, 10 %, 719 MiB, 35
2026/09/02 17:23:51.436, 10 %, 719 MiB, 35
2026/09/02 17:23:53.617, 10 %, 719 MiB, 35
2026/09/02 17:23:55.816, 9 %, 719 MiB, 35
2026/09/02 17:23:58.001, 10 %, 719 MiB, 35
2026/09/02 17:24:00.182, 9 %, 719 MiB, 35
2026/09/02 17:24:02.413, 10 %, 719 MiB, 35
2026/09/02 17:24:04.600, 10 %, 719 MiB, 35
2026/09/02 17:24:06.776, 10 %, 719 MiB, 35
2026/09/02 17:24:08.949, 12 %, 719 MiB, 35
2026/09/02 17:24:11.105, 8 %, 719 MiB, 35
2026/09/02 17:24:13.214, 9 %, 719 MiB, 35
2026/09/02 17:24:15.337, 11 %, 719 MiB, 35
2026/09/02 17:24:17.529, 10 %, 719 MiB, 35
2026/09/02 17:24:19.684, 10 %, 719 MiB, 35
2026/09/02 17:24:21.868, 10 %, 719 MiB, 35
2026/09/02 17:24:24.051, 11 %, 719 MiB, 35
2026/09/02 17:24:26.203, 10 %, 719 MiB, 35
2026/09/02 17:24:28.366, 10 %, 719 MiB, 35
2026/09/02 17:24:30.553, 10 %, 719 MiB, 35
2026/09/02 17:24:32.742, 10 %, 719 MiB, 35
2026/09/02 17:24:34.894, 10 %, 719 MiB, 35
2026/09/02 17:24:37.069, 10 %, 719 MiB, 35
2026/09/02 17:24:39.221, 8 %, 719 MiB, 35
2026/09/02 17:24:41.382, 10 %, 719 MiB, 35
2026/09/02 17:24:43.488, 10 %, 719 MiB, 35
2026/09/02 17:24:45.621, 10 %, 719 MiB, 35
2026/09/02 17:24:47.789, 11 %, 719 MiB, 35
2026/09/02 17:24:49.949, 10 %, 719 MiB, 35
2026/09/02 17:24:52.118, 11 %, 719 MiB, 35
2026/09/02 17:24:54.324, 11 %, 719 MiB, 35
2026/09/02 17:24:56.544, 10 %, 719 MiB, 35
2026/09/02 17:24:58.737, 11 %, 719 MiB, 35
2026/09/02 17:25:00.897, 10 %, 719 MiB, 35
2026/09/02 17:25:03.049, 10 %, 719 MiB, 35
2026/09/02 17:25:05.233, 10 %, 719 MiB, 35
2026/09/02 17:25:07.432, 11 %, 719 MiB, 35
2026/09/02 17:25:09.621, 11 %, 719 MiB, 35
2026/09/02 17:25:11.808, 9 %, 719 MiB, 36
2026/09/02 17:25:13.961, 11 %, 719 MiB, 36
2026/09/02 17:25:16.136, 10 %, 719 MiB, 36
2026/09/02 17:25:18.337, 10 %, 719 MiB, 36
2026/09/02 17:25:20.526, 10 %, 719 MiB, 36
2026/09/02 17:25:22.672, 10 %, 719 MiB, 36
2026/09/02 17:25:24.856, 10 %, 719 MiB, 36
2026/09/02 17:25:26.996, 9 %, 719 MiB, 36
2026/09/02 17:25:29.174, 11 %, 719 MiB, 36
2026/09/02 17:25:31.345, 10 %, 719 MiB, 36
2026/09/02 17:25:33.524, 10 %, 719 MiB, 36
2026/09/02 17:25:35.692, 11 %, 719 MiB, 36
2026/09/02 17:25:37.854, 10 %, 719 MiB, 36
2026/09/02 17:25:40.020, 10 %, 719 MiB, 36
2026/09/02 17:25:42.218, 10 %, 719 MiB, 36
2026/09/02 17:25:44.417, 9 %, 719 MiB, 36
2026/09/02 17:25:46.622, 11 %, 719 MiB, 36
2026/09/02 17:25:48.802, 11 %, 719 MiB, 36
2026/09/02 17:25:50.972, 10 %, 719 MiB, 36
2026/09/02 17:25:53.097, 9 %, 719 MiB, 36
2026/09/02 17:25:55.293, 10 %, 719 MiB, 36
2026/09/02 17:25:57.434, 10 %, 719 MiB, 36
2026/09/02 17:25:59.621, 12 %, 719 MiB, 36
2026/09/02 17:26:01.765, 10 %, 719 MiB, 36
2026/09/02 17:26:03.946, 10 %, 719 MiB, 36
2026/09/02 17:26:06.125, 10 %, 719 MiB, 36
2026/09/02 17:26:08.324, 10 %, 719 MiB, 36
2026/09/02 17:26:10.530, 11 %, 719 MiB, 36
2026/09/02 17:26:12.733, 9 %, 719 MiB, 36
2026/09/02 17:26:14.850, 10 %, 719 MiB, 36
2026/09/02 17:26:17.040, 10 %, 719 MiB, 36
2026/09/02 17:26:19.238, 11 %, 719 MiB, 36
2026/09/02 17:26:21.422, 12 %, 719 MiB, 36
2026/09/02 17:26:23.588, 10 %, 719 MiB, 36
2026/09/02 17:26:25.777, 10 %, 719 MiB, 36
2026/09/02 17:26:27.959, 10 %, 719 MiB, 36
2026/09/02 17:26:30.073, 10 %, 719 MiB, 36
2026/09/02 17:26:32.269, 10 %, 719 MiB, 36
2026/09/02 17:26:34.474, 10 %, 719 MiB, 35
2026/09/02 17:26:36.607, 10 %, 719 MiB, 35
2026/09/02 17:26:38.801, 10 %, 719 MiB, 35
2026/09/02 17:26:40.997, 11 %, 719 MiB, 35
2026/09/02 17:26:43.072, 10 %, 719 MiB, 35
2026/09/02 17:26:45.188, 10 %, 719 MiB, 35
2026/09/02 17:26:47.361, 11 %, 719 MiB, 35
2026/09/02 17:26:49.549, 11 %, 719 MiB, 35
2026/09/02 17:26:51.688, 10 %, 719 MiB, 35
2026/09/02 17:26:53.858, 10 %, 719 MiB, 35
2026/09/02 17:26:56.013, 10 %, 719 MiB, 35
2026/09/02 17:26:58.153, 10 %, 719 MiB, 35
2026/09/02 17:27:00.358, 10 %, 719 MiB, 35
2026/09/02 17:27:02.556, 10 %, 719 MiB, 35
2026/09/02 17:27:04.750, 7 %, 719 MiB, 35
2026/09/02 17:27:06.932, 10 %, 719 MiB, 35
2026/09/02 17:27:09.130, 10 %, 719 MiB, 35
2026/09/02 17:27:11.320, 10 %, 719 MiB, 35
2026/09/02 17:27:13.424, 10 %, 719 MiB, 35
2026/09/02 17:27:15.553, 9 %, 719 MiB, 35
2026/09/02 17:27:17.734, 11 %, 719 MiB, 35
2026/09/02 17:27:19.937, 11 %, 719 MiB, 35
2026/09/02 17:27:22.048, 9 %, 719 MiB, 35
2026/09/02 17:27:24.249, 10 %, 719 MiB, 35
2026/09/02 17:27:26.437, 11 %, 719 MiB, 35
2026/09/02 17:27:28.649, 11 %, 719 MiB, 35
2026/09/02 17:27:30.829, 10 %, 719 MiB, 35
2026/09/02 17:27:33.004, 10 %, 719 MiB, 35
2026/09/02 17:27:35.184, 10 %, 719 MiB, 35
2026/09/02 17:27:37.352, 10 %, 719 MiB, 35
2026/09/02 17:27:39.539, 10 %, 719 MiB, 35
2026/09/02 17:27:41.720, 10 %, 719 MiB, 35
2026/09/02 17:27:43.868, 10 %, 719 MiB, 35
2026/09/02 17:27:46.053, 11 %, 719 MiB, 35
2026/09/02 17:27:48.253, 10 %, 719 MiB, 35
2026/09/02 17:27:50.450, 11 %, 719 MiB, 35
2026/09/02 17:27:52.576, 9 %, 719 MiB, 35
2026/09/02 17:27:54.754, 11 %, 719 MiB, 35
2026/09/02 17:27:56.936, 9 %, 719 MiB, 35
2026/09/02 17:27:59.116, 9 %, 719 MiB, 35
2026/09/02 17:28:01.276, 10 %, 719 MiB, 35
2026/09/02 17:28:03.499, 11 %, 719 MiB, 35
2026/09/02 17:28:05.685, 10 %, 719 MiB, 35
2026/09/02 17:28:07.845, 12 %, 719 MiB, 35
2026/09/02 17:28:10.021, 11 %, 719 MiB, 35
2026/09/02 17:28:12.185, 11 %, 719 MiB, 35
2026/09/02 17:28:14.392, 10 %, 719 MiB, 35
2026/09/02 17:28:16.586, 12 %, 719 MiB, 35
2026/09/02 17:28:18.774, 11 %, 719 MiB, 35
2026/09/02 17:28:20.937, 9 %, 719 MiB, 35
2026/09/02 17:28:23.053, 9 %, 719 MiB, 35
2026/09/02 17:28:25.243, 10 %, 719 MiB, 35
2026/09/02 17:28:27.445, 11 %, 719 MiB, 35
2026/09/02 17:28:29.603, 10 %, 719 MiB, 35
2026/09/02 17:28:31.777, 10 %, 719 MiB, 35
2026/09/02 17:28:33.957, 10 %, 719 MiB, 35
2026/09/02 17:28:36.089, 10 %, 719 MiB, 35
2026/09/02 17:28:38.268, 10 %, 719 MiB, 35
2026/09/02 17:28:40.461, 9 %, 719 MiB, 35
2026/09/02 17:28:42.618, 10 %, 719 MiB, 35
2026/09/02 17:28:44.715, 10 %, 719 MiB, 35
2026/09/02 17:28:46.873, 10 %, 719 MiB, 35
2026/09/02 17:28:48.991, 10 %, 719 MiB, 35
2026/09/02 17:28:51.205, 10 %, 719 MiB, 35
2026/09/02 17:28:53.377, 9 %, 719 MiB, 35
2026/09/02 17:28:55.541, 9 %, 719 MiB, 35
2026/09/02 17:28:57.679, 9 %, 719 MiB, 36
2026/09/02 17:28:59.849, 10 %, 719 MiB, 36
2026/09/02 17:29:02.024, 11 %, 719 MiB, 36
2026/09/02 17:29:04.210, 11 %, 719 MiB, 36
2026/09/02 17:29:06.417, 9 %, 719 MiB, 36
2026/09/02 17:29:08.633, 9 %, 719 MiB, 36
2026/09/02 17:29:10.762, 9 %, 719 MiB, 36
2026/09/02 17:29:12.867, 10 %, 719 MiB, 36
2026/09/02 17:29:14.985, 11 %, 719 MiB, 36
2026/09/02 17:29:17.188, 10 %, 719 MiB, 36
2026/09/02 17:29:19.348, 10 %, 719 MiB, 36
2026/09/02 17:29:21.549, 10 %, 719 MiB, 36
2026/09/02 17:29:23.733, 10 %, 719 MiB, 36
2026/09/02 17:29:25.894, 10 %, 719 MiB, 36
2026/09/02 17:29:28.064, 10 %, 719 MiB, 36
2026/09/02 17:29:30.256, 11 %, 719 MiB, 36
2026/09/02 17:29:32.448, 9 %, 719 MiB, 36
2026/09/02 17:29:34.649, 10 %, 719 MiB, 36
2026/09/02 17:29:36.830, 10 %, 719 MiB, 36
2026/09/02 17:29:38.993, 10 %, 719 MiB, 36
2026/09/02 17:29:41.176, 11 %, 719 MiB, 36
2026/09/02 17:29:43.292, 12 %, 719 MiB, 36
2026/09/02 17:29:45.409, 11 %, 719 MiB, 36
2026/09/02 17:29:47.527, 10 %, 719 MiB, 36
2026/09/02 17:29:49.693, 10 %, 719 MiB, 36
2026/09/02 17:29:51.864, 10 %, 719 MiB, 36
2026/09/02 17:29:54.049, 11 %, 719 MiB, 36
2026/09/02 17:29:56.222, 10 %, 719 MiB, 36
2026/09/02 17:29:58.422, 11 %, 719 MiB, 36
2026/09/02 17:30:00.644, 10 %, 719 MiB, 36
2026/09/02 17:30:02.863, 9 %, 719 MiB, 36
2026/09/02 17:30:05.047, 11 %, 719 MiB, 36
2026/09/02 17:30:07.249, 9 %, 719 MiB, 36
2026/09/02 17:30:09.449, 10 %, 719 MiB, 36
2026/09/02 17:30:11.627, 10 %, 719 MiB, 36
2026/09/02 17:30:13.831, 10 %, 719 MiB, 36
2026/09/02 17:30:16.013, 10 %, 719 MiB, 36
2026/09/02 17:30:18.169, 10 %, 719 MiB, 36
2026/09/02 17:30:20.354, 9 %, 719 MiB, 36
2026/09/02 17:30:22.549, 11 %, 719 MiB, 36
2026/09/02 17:30:24.774, 10 %, 719 MiB, 36
2026/09/02 17:30:26.967, 10 %, 719 MiB, 36
2026/09/02 17:30:29.106, 11 %, 719 MiB, 36
2026/09/02 17:30:31.220, 11 %, 719 MiB, 36
2026/09/02 17:30:33.423, 9 %, 719 MiB, 36
2026/09/02 17:30:35.611, 10 %, 719 MiB, 36
2026/09/02 17:30:37.801, 11 %, 719 MiB, 36
2026/09/02 17:30:39.957, 11 %, 719 MiB, 36
2026/09/02 17:30:42.138, 10 %, 719 MiB, 36
2026/09/02 17:30:44.334, 10 %, 719 MiB, 36
2026/09/02 17:30:46.505, 10 %, 719 MiB, 36
2026/09/02 17:30:48.699, 10 %, 719 MiB, 36
2026/09/02 17:30:50.884, 9 %, 719 MiB, 36
2026/09/02 17:30:53.002, 10 %, 719 MiB, 36
2026/09/02 17:30:55.142, 11 %, 719 MiB, 36
2026/09/02 17:30:57.330, 9 %, 719 MiB, 36
2026/09/02 17:30:59.509, 10 %, 719 MiB, 36
2026/09/02 17:31:01.661, 10 %, 719 MiB, 36
2026/09/02 17:31:03.865, 11 %, 719 MiB, 36
2026/09/02 17:31:06.060, 10 %, 719 MiB, 36
2026/09/02 17:31:08.201, 9 %, 719 MiB, 36
2026/09/02 17:31:10.368, 12 %, 719 MiB, 36
2026/09/02 17:31:12.566, 10 %, 719 MiB, 36
2026/09/02 17:31:14.722, 10 %, 719 MiB, 36
2026/09/02 17:31:16.893, 11 %, 719 MiB, 36
2026/09/02 17:31:19.082, 10 %, 719 MiB, 36
2026/09/02 17:31:21.276, 10 %, 719 MiB, 36
2026/09/02 17:31:23.429, 10 %, 719 MiB, 36
2026/09/02 17:31:25.615, 11 %, 719 MiB, 36
2026/09/02 17:31:27.786, 10 %, 719 MiB, 36
2026/09/02 17:31:29.924, 11 %, 719 MiB, 36
2026/09/02 17:31:32.121, 10 %, 719 MiB, 36
2026/09/02 17:31:34.301, 10 %, 719 MiB, 36
2026/09/02 17:31:36.485, 10 %, 719 MiB, 36
2026/09/02 17:31:38.686, 10 %, 719 MiB, 36
2026/09/02 17:31:40.866, 10 %, 719 MiB, 36
2026/09/02 17:31:42.993, 12 %, 719 MiB, 36
2026/09/02 17:31:45.121, 10 %, 719 MiB, 36
2026/09/02 17:31:47.326, 10 %, 719 MiB, 36
2026/09/02 17:31:49.482, 10 %, 719 MiB, 36
2026/09/02 17:31:51.660, 10 %, 719 MiB, 35
2026/09/02 17:31:53.841, 11 %, 719 MiB, 35
2026/09/02 17:31:56.021, 10 %, 719 MiB, 35
2026/09/02 17:31:58.147, 10 %, 719 MiB, 35
2026/09/02 17:32:00.293, 10 %, 719 MiB, 35
2026/09/02 17:32:02.485, 10 %, 719 MiB, 35
2026/09/02 17:32:04.637, 10 %, 719 MiB, 35
2026/09/02 17:32:06.834, 10 %, 719 MiB, 35
2026/09/02 17:32:09.005, 10 %, 719 MiB, 35
2026/09/02 17:32:11.185, 10 %, 719 MiB, 35
2026/09/02 17:32:13.264, 10 %, 719 MiB, 35
2026/09/02 17:32:15.385, 10 %, 719 MiB, 35
2026/09/02 17:32:17.561, 11 %, 719 MiB, 35
2026/09/02 17:32:19.741, 11 %, 719 MiB, 35
2026/09/02 17:32:21.920, 10 %, 719 MiB, 35
2026/09/02 17:32:24.059, 10 %, 719 MiB, 35
2026/09/02 17:32:26.242, 11 %, 719 MiB, 35
2026/09/02 17:32:28.387, 10 %, 719 MiB, 35
2026/09/02 17:32:30.538, 11 %, 719 MiB, 35
2026/09/02 17:32:32.750, 10 %, 719 MiB, 35
2026/09/02 17:32:34.917, 11 %, 719 MiB, 35
2026/09/02 17:32:37.038, 10 %, 719 MiB, 35
2026/09/02 17:32:39.201, 10 %, 719 MiB, 35
2026/09/02 17:32:41.387, 10 %, 719 MiB, 35
2026/09/02 17:32:43.475, 10 %, 719 MiB, 35
2026/09/02 17:32:45.624, 10 %, 719 MiB, 35
2026/09/02 17:32:47.821, 10 %, 719 MiB, 35
2026/09/02 17:32:50.000, 10 %, 719 MiB, 35
2026/09/02 17:32:52.176, 10 %, 719 MiB, 35
2026/09/02 17:32:54.366, 10 %, 719 MiB, 35
2026/09/02 17:32:56.551, 10 %, 719 MiB, 35
2026/09/02 17:32:58.739, 6 %, 719 MiB, 35
2026/09/02 17:33:00.945, 11 %, 719 MiB, 35
2026/09/02 17:33:03.121, 10 %, 719 MiB, 35
2026/09/02 17:33:05.289, 10 %, 719 MiB, 36
2026/09/02 17:33:07.408, 9 %, 719 MiB, 36
2026/09/02 17:33:09.601, 10 %, 719 MiB, 36
2026/09/02 17:33:11.777, 11 %, 719 MiB, 36
2026/09/02 17:33:13.953, 11 %, 719 MiB, 36
2026/09/02 17:33:16.138, 9 %, 719 MiB, 36
2026/09/02 17:33:18.323, 10 %, 719 MiB, 36
2026/09/02 17:33:20.521, 10 %, 719 MiB, 36
2026/09/02 17:33:22.732, 11 %, 719 MiB, 36
2026/09/02 17:33:24.940, 10 %, 719 MiB, 36
2026/09/02 17:33:27.129, 11 %, 719 MiB, 36
2026/09/02 17:33:29.300, 10 %, 719 MiB, 36
2026/09/02 17:33:31.449, 10 %, 719 MiB, 36
2026/09/02 17:33:33.571, 10 %, 719 MiB, 36
2026/09/02 17:33:35.754, 10 %, 719 MiB, 36
2026/09/02 17:33:37.950, 10 %, 719 MiB, 36
2026/09/02 17:33:40.149, 10 %, 719 MiB, 36
2026/09/02 17:33:42.296, 10 %, 719 MiB, 36
2026/09/02 17:33:44.481, 10 %, 719 MiB, 36
2026/09/02 17:33:46.662, 10 %, 719 MiB, 36
2026/09/02 17:33:48.857, 10 %, 719 MiB, 36
2026/09/02 17:33:51.037, 10 %, 719 MiB, 36
2026/09/02 17:33:53.164, 9 %, 719 MiB, 36
2026/09/02 17:33:55.337, 12 %, 719 MiB, 36
2026/09/02 17:33:57.494, 8 %, 719 MiB, 36
2026/09/02 17:33:59.625, 10 %, 719 MiB, 36
2026/09/02 17:34:01.817, 11 %, 719 MiB, 36
2026/09/02 17:34:04.009, 9 %, 719 MiB, 36
2026/09/02 17:34:06.169, 10 %, 719 MiB, 36
2026/09/02 17:34:08.358, 10 %, 719 MiB, 36
2026/09/02 17:34:10.554, 10 %, 719 MiB, 36
2026/09/02 17:34:12.687, 9 %, 719 MiB, 36
2026/09/02 17:34:14.809, 10 %, 719 MiB, 36
2026/09/02 17:34:16.931, 11 %, 719 MiB, 36
2026/09/02 17:34:19.089, 9 %, 719 MiB, 36
2026/09/02 17:34:21.261, 11 %, 719 MiB, 36
2026/09/02 17:34:23.449, 11 %, 719 MiB, 36
2026/09/02 17:34:25.595, 9 %, 719 MiB, 36
2026/09/02 17:34:27.781, 10 %, 719 MiB, 36
2026/09/02 17:34:29.911, 9 %, 719 MiB, 36
2026/09/02 17:34:32.028, 10 %, 719 MiB, 36
2026/09/02 17:34:34.212, 10 %, 719 MiB, 36
2026/09/02 17:34:36.350, 10 %, 719 MiB, 36
2026/09/02 17:34:38.505, 9 %, 719 MiB, 36
2026/09/02 17:34:40.708, 10 %, 719 MiB, 36
2026/09/02 17:34:42.825, 10 %, 719 MiB, 36
2026/09/02 17:34:44.973, 10 %, 719 MiB, 36
2026/09/02 17:34:47.105, 10 %, 719 MiB, 36
2026/09/02 17:34:49.298, 9 %, 719 MiB, 36
2026/09/02 17:34:51.486, 11 %, 719 MiB, 36
2026/09/02 17:34:53.656, 10 %, 719 MiB, 36
2026/09/02 17:34:55.848, 11 %, 719 MiB, 36
2026/09/02 17:34:58.025, 10 %, 719 MiB, 36
2026/09/02 17:35:00.212, 10 %, 719 MiB, 36
2026/09/02 17:35:02.405, 9 %, 719 MiB, 36
2026/09/02 17:35:04.593, 11 %, 719 MiB, 36
2026/09/02 17:35:06.775, 10 %, 719 MiB, 36
2026/09/02 17:35:08.980, 10 %, 719 MiB, 36
2026/09/02 17:35:11.169, 10 %, 719 MiB, 36
2026/09/02 17:35:13.288, 10 %, 719 MiB, 36
2026/09/02 17:35:15.424, 10 %, 719 MiB, 36
2026/09/02 17:35:17.636, 9 %, 719 MiB, 36
2026/09/02 17:35:19.817, 11 %, 719 MiB, 36
2026/09/02 17:35:21.965, 10 %, 719 MiB, 36
2026/09/02 17:35:24.123, 11 %, 719 MiB, 36
2026/09/02 17:35:26.330, 9 %, 719 MiB, 35
2026/09/02 17:35:28.496, 10 %, 719 MiB, 35
2026/09/02 17:35:30.701, 11 %, 719 MiB, 35
2026/09/02 17:35:32.884, 10 %, 719 MiB, 35
2026/09/02 17:35:35.081, 11 %, 719 MiB, 35
2026/09/02 17:35:37.250, 10 %, 719 MiB, 35
2026/09/02 17:35:39.401, 10 %, 719 MiB, 35
2026/09/02 17:35:41.567, 10 %, 719 MiB, 35
2026/09/02 17:35:43.717, 10 %, 719 MiB, 35
2026/09/02 17:35:45.853, 10 %, 719 MiB, 35
2026/09/02 17:35:48.033, 10 %, 719 MiB, 35
2026/09/02 17:35:50.244, 9 %, 719 MiB, 35
2026/09/02 17:35:52.448, 10 %, 719 MiB, 35
2026/09/02 17:35:54.598, 10 %, 719 MiB, 35
2026/09/02 17:35:56.809, 10 %, 719 MiB, 35
2026/09/02 17:35:59.021, 10 %, 719 MiB, 35
2026/09/02 17:36:01.216, 10 %, 719 MiB, 35
2026/09/02 17:36:03.373, 9 %, 719 MiB, 35
2026/09/02 17:36:05.518, 10 %, 719 MiB, 35
2026/09/02 17:36:07.721, 10 %, 719 MiB, 35
2026/09/02 17:36:09.909, 9 %, 719 MiB, 35
2026/09/02 17:36:12.045, 0 %, 0 MiB, 35
